<?xml version="1.0" encoding="UTF-8"?>
<project-private xmlns="http://www.netbeans.org/ns/project-private/1">
    <editor-bookmarks xmlns="http://www.netbeans.org/ns/editor-bookmarks/2" lastBookmarkId="0"/>
    <open-files xmlns="http://www.netbeans.org/ns/projectui-open-files/2">
        <group>
            <file>file:/D:/SegundoSemestre/PI/varejopro/VarejoPro/src/ListarUsuarios.java</file>
            <file>file:/D:/SegundoSemestre/PI/varejopro/VarejoPro/src/CadastroUsuario.java</file>
            <file>file:/D:/SegundoSemestre/PI/varejopro/VarejoPro/src/CadastrarCursos.java</file>
            <file>file:/D:/SegundoSemestre/PI/varejopro/VarejoPro/src/ListarAlunos.java</file>
            <file>file:/D:/SegundoSemestre/PI/varejopro/VarejoPro/src/Cadastro.java</file>
            <file>file:/D:/SegundoSemestre/PI/varejopro/VarejoPro/src/AlterarCursos.java</file>
            <file>file:/D:/SegundoSemestre/PI/varejopro/VarejoPro/src/menu.java</file>
            <file>file:/D:/SegundoSemestre/PI/varejopro/VarejoPro/src/AlterarUsuarios.java</file>
            <file>file:/D:/SegundoSemestre/PI/varejopro/VarejoPro/src/login.java</file>
            <file>file:/D:/SegundoSemestre/PI/varejopro/VarejoPro/src/CadastrarAlunos.java</file>
            <file>file:/D:/SegundoSemestre/PI/varejopro/VarejoPro/src/alterarAlunos.java</file>
            <file>file:/D:/SegundoSemestre/PI/varejopro/VarejoPro/src/ListarCursos.java</file>
        </group>
    </open-files>
</project-private>
